{
  "model_performance": {
    "phi-1": {
      "log_p_auc": 0.6065792500575109,
      "log_p_acc": 0.5668358714043993,
      "entropy_auc": 0.37377501725327816,
      "entropy_acc": 0.4077834179357022,
      "rank_auc": 0.5474005060961583,
      "rank_acc": 0.5126903553299492,
      "log_rank_auc": 0.39894179894179893,
      "log_rank_acc": 0.428087986463621,
      "lrr_auc": 0.5742926155969634,
      "lrr_acc": 0.5499153976311336,
      "detectgpt_auc": 0.641154819415689,
      "detectgpt_acc": 0.6057529610829103,
      "npr_auc": 0.5955946629859674,
      "npr_acc": 0.5702199661590525,
      "detectcodegpt_auc": 0.6076719576719576,
      "detectcodegpt_acc": 0.5549915397631133
    }
  },
  "summary": {
    "log_p": {
      "mean_auc": 0.6065792500575109,
      "std_auc": 0.0,
      "min_auc": 0.6065792500575109,
      "max_auc": 0.6065792500575109
    },
    "entropy": {
      "mean_auc": 0.37377501725327816,
      "std_auc": 0.0,
      "min_auc": 0.37377501725327816,
      "max_auc": 0.37377501725327816
    },
    "rank": {
      "mean_auc": 0.5474005060961583,
      "std_auc": 0.0,
      "min_auc": 0.5474005060961583,
      "max_auc": 0.5474005060961583
    },
    "log_rank": {
      "mean_auc": 0.39894179894179893,
      "std_auc": 0.0,
      "min_auc": 0.39894179894179893,
      "max_auc": 0.39894179894179893
    },
    "lrr": {
      "mean_auc": 0.5742926155969634,
      "std_auc": 0.0,
      "min_auc": 0.5742926155969634,
      "max_auc": 0.5742926155969634
    },
    "detectgpt": {
      "mean_auc": 0.641154819415689,
      "std_auc": 0.0,
      "min_auc": 0.641154819415689,
      "max_auc": 0.641154819415689
    },
    "npr": {
      "mean_auc": 0.5955946629859674,
      "std_auc": 0.0,
      "min_auc": 0.5955946629859674,
      "max_auc": 0.5955946629859674
    },
    "detectcodegpt": {
      "mean_auc": 0.6076719576719576,
      "std_auc": 0.0,
      "min_auc": 0.6076719576719576,
      "max_auc": 0.6076719576719576
    }
  }
}