{
  "model_performance": {
    "codellama": {
      "log_p_auc": 0.3931216931216931,
      "log_p_acc": 0.44839255499153974,
      "entropy_auc": 0.6285714285714286,
      "entropy_acc": 0.5769881556683587,
      "rank_auc": 0.777536231884058,
      "rank_acc": 0.6615905245346869,
      "log_rank_auc": 0.624775707384403,
      "log_rank_acc": 0.5532994923857868,
      "lrr_auc": 0.31590752242926157,
      "lrr_acc": 0.3536379018612521,
      "detectgpt_auc": 0.4840349666436623,
      "detectgpt_acc": 0.49915397631133673,
      "npr_auc": 0.41353807223372435,
      "npr_acc": 0.42978003384094754,
      "detectcodegpt_auc": 0.4414538762364849,
      "detectcodegpt_acc": 0.4196277495769882
    }
  },
  "summary": {
    "log_p": {
      "mean_auc": 0.3931216931216931,
      "std_auc": 0.0,
      "min_auc": 0.3931216931216931,
      "max_auc": 0.3931216931216931
    },
    "entropy": {
      "mean_auc": 0.6285714285714286,
      "std_auc": 0.0,
      "min_auc": 0.6285714285714286,
      "max_auc": 0.6285714285714286
    },
    "rank": {
      "mean_auc": 0.777536231884058,
      "std_auc": 0.0,
      "min_auc": 0.777536231884058,
      "max_auc": 0.777536231884058
    },
    "log_rank": {
      "mean_auc": 0.624775707384403,
      "std_auc": 0.0,
      "min_auc": 0.624775707384403,
      "max_auc": 0.624775707384403
    },
    "lrr": {
      "mean_auc": 0.31590752242926157,
      "std_auc": 0.0,
      "min_auc": 0.31590752242926157,
      "max_auc": 0.31590752242926157
    },
    "detectgpt": {
      "mean_auc": 0.4840349666436623,
      "std_auc": 0.0,
      "min_auc": 0.4840349666436623,
      "max_auc": 0.4840349666436623
    },
    "npr": {
      "mean_auc": 0.41353807223372435,
      "std_auc": 0.0,
      "min_auc": 0.41353807223372435,
      "max_auc": 0.41353807223372435
    },
    "detectcodegpt": {
      "mean_auc": 0.4414538762364849,
      "std_auc": 0.0,
      "min_auc": 0.4414538762364849,
      "max_auc": 0.4414538762364849
    }
  }
}
