{
  "model_performance": {
    "codegen2": {
      "log_p_auc": 0.4194386933517369,
      "log_p_acc": 0.4653130287648054,
      "entropy_auc": 0.592109500805153,
      "entropy_acc": 0.5583756345177665,
      "rank_auc": 0.8095813204508856,
      "rank_acc": 0.688663282571912,
      "log_rank_auc": 0.5971129514607776,
      "log_rank_acc": 0.5397631133671743,
      "lrr_auc": 0.3380837359098229,
      "lrr_acc": 0.3840947546531303,
      "detectgpt_auc": 0.5459857372900851,
      "detectgpt_acc": 0.5262267343485617,
      "npr_auc": 0.45195537152058896,
      "npr_acc": 0.4365482233502538,
      "detectcodegpt_auc": 0.4607315389924086,
      "detectcodegpt_acc": 0.45516074450084604
    }
  },
  "summary": {
    "log_p": {
      "mean_auc": 0.4194386933517369,
      "std_auc": 0.0,
      "min_auc": 0.4194386933517369,
      "max_auc": 0.4194386933517369
    },
    "entropy": {
      "mean_auc": 0.592109500805153,
      "std_auc": 0.0,
      "min_auc": 0.592109500805153,
      "max_auc": 0.592109500805153
    },
    "rank": {
      "mean_auc": 0.8095813204508856,
      "std_auc": 0.0,
      "min_auc": 0.8095813204508856,
      "max_auc": 0.8095813204508856
    },
    "log_rank": {
      "mean_auc": 0.5971129514607776,
      "std_auc": 0.0,
      "min_auc": 0.5971129514607776,
      "max_auc": 0.5971129514607776
    },
    "lrr": {
      "mean_auc": 0.3380837359098229,
      "std_auc": 0.0,
      "min_auc": 0.3380837359098229,
      "max_auc": 0.3380837359098229
    },
    "detectgpt": {
      "mean_auc": 0.5459857372900851,
      "std_auc": 0.0,
      "min_auc": 0.5459857372900851,
      "max_auc": 0.5459857372900851
    },
    "npr": {
      "mean_auc": 0.45195537152058896,
      "std_auc": 0.0,
      "min_auc": 0.45195537152058896,
      "max_auc": 0.45195537152058896
    },
    "detectcodegpt": {
      "mean_auc": 0.4607315389924086,
      "std_auc": 0.0,
      "min_auc": 0.4607315389924086,
      "max_auc": 0.4607315389924086
    }
  }
}
