{
  "model_performance": {
    "Granite-Code": {
      "log_p_auc": 0.4569128134345526,
      "log_p_acc": 0.4856175972927242,
      "entropy_auc": 0.5559236254888429,
      "entropy_acc": 0.5296108291032149,
      "rank_auc": 0.7113411548194157,
      "rank_acc": 0.6209813874788495,
      "log_rank_auc": 0.5585691281343456,
      "log_rank_acc": 0.5143824027072758,
      "lrr_auc": 0.3860248447204969,
      "lrr_acc": 0.4230118443316413,
      "detectgpt_auc": 0.5304577869795262,
      "detectgpt_acc": 0.49746192893401014,
      "npr_auc": 0.4907177363699103,
      "npr_acc": 0.4686971235194585,
      "detectcodegpt_auc": 0.4940648723257419,
      "detectcodegpt_acc": 0.47377326565143824
    }
  },
  "summary": {
    "log_p": {
      "mean_auc": 0.4569128134345526,
      "std_auc": 0.0,
      "min_auc": 0.4569128134345526,
      "max_auc": 0.4569128134345526
    },
    "entropy": {
      "mean_auc": 0.5559236254888429,
      "std_auc": 0.0,
      "min_auc": 0.5559236254888429,
      "max_auc": 0.5559236254888429
    },
    "rank": {
      "mean_auc": 0.7113411548194157,
      "std_auc": 0.0,
      "min_auc": 0.7113411548194157,
      "max_auc": 0.7113411548194157
    },
    "log_rank": {
      "mean_auc": 0.5585691281343456,
      "std_auc": 0.0,
      "min_auc": 0.5585691281343456,
      "max_auc": 0.5585691281343456
    },
    "lrr": {
      "mean_auc": 0.3860248447204969,
      "std_auc": 0.0,
      "min_auc": 0.3860248447204969,
      "max_auc": 0.3860248447204969
    },
    "detectgpt": {
      "mean_auc": 0.5304577869795262,
      "std_auc": 0.0,
      "min_auc": 0.5304577869795262,
      "max_auc": 0.5304577869795262
    },
    "npr": {
      "mean_auc": 0.4907177363699103,
      "std_auc": 0.0,
      "min_auc": 0.4907177363699103,
      "max_auc": 0.4907177363699103
    },
    "detectcodegpt": {
      "mean_auc": 0.4940648723257419,
      "std_auc": 0.0,
      "min_auc": 0.4940648723257419,
      "max_auc": 0.4940648723257419
    }
  }
}