{
  "model_performance": {
    "starcoder2": {
      "log_p_auc": 0.419197147458017,
      "log_p_acc": 0.467005076142132,
      "entropy_auc": 0.5931561996779388,
      "entropy_acc": 0.55668358714044,
      "rank_auc": 0.743409247757074,
      "rank_acc": 0.6429780033840947,
      "log_rank_auc": 0.5965608465608465,
      "log_rank_acc": 0.5482233502538071,
      "lrr_auc": 0.36499884978145847,
      "lrr_acc": 0.3993231810490694,
      "detectgpt_auc": 0.5217276282493674,
      "detectgpt_acc": 0.49238578680203043,
      "npr_auc": 0.46024844720496894,
      "npr_acc": 0.43316412859560066,
      "detectcodegpt_auc": 0.4585576259489303,
      "detectcodegpt_acc": 0.44839255499153974
    }
  },
  "summary": {
    "log_p": {
      "mean_auc": 0.419197147458017,
      "std_auc": 0.0,
      "min_auc": 0.419197147458017,
      "max_auc": 0.419197147458017
    },
    "entropy": {
      "mean_auc": 0.5931561996779388,
      "std_auc": 0.0,
      "min_auc": 0.5931561996779388,
      "max_auc": 0.5931561996779388
    },
    "rank": {
      "mean_auc": 0.743409247757074,
      "std_auc": 0.0,
      "min_auc": 0.743409247757074,
      "max_auc": 0.743409247757074
    },
    "log_rank": {
      "mean_auc": 0.5965608465608465,
      "std_auc": 0.0,
      "min_auc": 0.5965608465608465,
      "max_auc": 0.5965608465608465
    },
    "lrr": {
      "mean_auc": 0.36499884978145847,
      "std_auc": 0.0,
      "min_auc": 0.36499884978145847,
      "max_auc": 0.36499884978145847
    },
    "detectgpt": {
      "mean_auc": 0.5217276282493674,
      "std_auc": 0.0,
      "min_auc": 0.5217276282493674,
      "max_auc": 0.5217276282493674
    },
    "npr": {
      "mean_auc": 0.46024844720496894,
      "std_auc": 0.0,
      "min_auc": 0.46024844720496894,
      "max_auc": 0.46024844720496894
    },
    "detectcodegpt": {
      "mean_auc": 0.4585576259489303,
      "std_auc": 0.0,
      "min_auc": 0.4585576259489303,
      "max_auc": 0.4585576259489303
    }
  }
}
