{
  "model_performance": {
    "incoder": {
      "log_p_auc": 0.5022290986189903,
      "log_p_acc": 0.5135135135135135,
      "entropy_auc": 0.5225946937138273,
      "entropy_acc": 0.5168918918918919,
      "rank_auc": 0.6287089565067905,
      "rank_acc": 0.5692567567567568,
      "log_rank_auc": 0.5118904360781618,
      "log_rank_acc": 0.4847972972972973,
      "lrr_auc": 0.4236662655435219,
      "lrr_acc": 0.4594594594594595,
      "detectgpt_auc": 0.531980975302275,
      "detectgpt_acc": 0.5084459459459459,
      "npr_auc": 0.5214600882470919,
      "npr_acc": 0.5,
      "detectcodegpt_auc": 0.5240845796802476,
      "detectcodegpt_acc": 0.5016891891891891
    }
  },
  "summary": {
    "log_p": {
      "mean_auc": 0.5022290986189903,
      "std_auc": 0.0,
      "min_auc": 0.5022290986189903,
      "max_auc": 0.5022290986189903
    },
    "entropy": {
      "mean_auc": 0.5225946937138273,
      "std_auc": 0.0,
      "min_auc": 0.5225946937138273,
      "max_auc": 0.5225946937138273
    },
    "rank": {
      "mean_auc": 0.6287089565067905,
      "std_auc": 0.0,
      "min_auc": 0.6287089565067905,
      "max_auc": 0.6287089565067905
    },
    "log_rank": {
      "mean_auc": 0.5118904360781618,
      "std_auc": 0.0,
      "min_auc": 0.5118904360781618,
      "max_auc": 0.5118904360781618
    },
    "lrr": {
      "mean_auc": 0.4236662655435219,
      "std_auc": 0.0,
      "min_auc": 0.4236662655435219,
      "max_auc": 0.4236662655435219
    },
    "detectgpt": {
      "mean_auc": 0.531980975302275,
      "std_auc": 0.0,
      "min_auc": 0.531980975302275,
      "max_auc": 0.531980975302275
    },
    "npr": {
      "mean_auc": 0.5214600882470919,
      "std_auc": 0.0,
      "min_auc": 0.5214600882470919,
      "max_auc": 0.5214600882470919
    },
    "detectcodegpt": {
      "mean_auc": 0.5240845796802476,
      "std_auc": 0.0,
      "min_auc": 0.5240845796802476,
      "max_auc": 0.5240845796802476
    }
  }
}