{
  "model_performance": {
    "incoder": {
      "log_p_auc": 0.38938433301994824,
      "log_p_acc": 0.44235924932975873,
      "entropy_auc": 0.638439234141843,
      "entropy_acc": 0.5857908847184986,
      "rank_auc": 0.6567803541671535,
      "rank_acc": 0.5589812332439679,
      "log_rank_auc": 0.6191939111004852,
      "log_rank_acc": 0.5563002680965148,
      "lrr_auc": 0.36458975608090016,
      "lrr_acc": 0.40281501340482573,
      "detectgpt_auc": 0.42280748744811625,
      "detectgpt_acc": 0.46581769436997317,
      "npr_auc": 0.3436420866057513,
      "npr_acc": 0.36863270777479895,
      "detectcodegpt_auc": 0.3560151072010872,
      "detectcodegpt_acc": 0.3847184986595174
    }
  },
  "summary": {
    "log_p": {
      "mean_auc": 0.38938433301994824,
      "std_auc": 0.0,
      "min_auc": 0.38938433301994824,
      "max_auc": 0.38938433301994824
    },
    "entropy": {
      "mean_auc": 0.638439234141843,
      "std_auc": 0.0,
      "min_auc": 0.638439234141843,
      "max_auc": 0.638439234141843
    },
    "rank": {
      "mean_auc": 0.6567803541671535,
      "std_auc": 0.0,
      "min_auc": 0.6567803541671535,
      "max_auc": 0.6567803541671535
    },
    "log_rank": {
      "mean_auc": 0.6191939111004852,
      "std_auc": 0.0,
      "min_auc": 0.6191939111004852,
      "max_auc": 0.6191939111004852
    },
    "lrr": {
      "mean_auc": 0.36458975608090016,
      "std_auc": 0.0,
      "min_auc": 0.36458975608090016,
      "max_auc": 0.36458975608090016
    },
    "detectgpt": {
      "mean_auc": 0.42280748744811625,
      "std_auc": 0.0,
      "min_auc": 0.42280748744811625,
      "max_auc": 0.42280748744811625
    },
    "npr": {
      "mean_auc": 0.3436420866057513,
      "std_auc": 0.0,
      "min_auc": 0.3436420866057513,
      "max_auc": 0.3436420866057513
    },
    "detectcodegpt": {
      "mean_auc": 0.3560151072010872,
      "std_auc": 0.0,
      "min_auc": 0.3560151072010872,
      "max_auc": 0.3560151072010872
    }
  }
}