{
  "model_performance": {
    "starcoder2": {
      "log_p_auc": 0.34900259037086706,
      "log_p_acc": 0.4075067024128686,
      "entropy_auc": 0.6551930554332175,
      "entropy_acc": 0.589142091152815,
      "rank_auc": 0.7738836328468373,
      "rank_acc": 0.6233243967828418,
      "log_rank_auc": 0.6634045850103633,
      "log_rank_acc": 0.5857908847184986,
      "lrr_auc": 0.3181500329863327,
      "lrr_acc": 0.3719839142091153,
      "detectgpt_auc": 0.36848699691348596,
      "detectgpt_acc": 0.4054959785522788,
      "npr_auc": 0.3371113320186737,
      "npr_acc": 0.3719839142091153,
      "detectcodegpt_auc": 0.3436456818463718,
      "detectcodegpt_acc": 0.3672922252010724
    }
  },
  "summary": {
    "log_p": {
      "mean_auc": 0.34900259037086706,
      "std_auc": 0.0,
      "min_auc": 0.34900259037086706,
      "max_auc": 0.34900259037086706
    },
    "entropy": {
      "mean_auc": 0.6551930554332175,
      "std_auc": 0.0,
      "min_auc": 0.6551930554332175,
      "max_auc": 0.6551930554332175
    },
    "rank": {
      "mean_auc": 0.7738836328468373,
      "std_auc": 0.0,
      "min_auc": 0.7738836328468373,
      "max_auc": 0.7738836328468373
    },
    "log_rank": {
      "mean_auc": 0.6634045850103633,
      "std_auc": 0.0,
      "min_auc": 0.6634045850103633,
      "max_auc": 0.6634045850103633
    },
    "lrr": {
      "mean_auc": 0.3181500329863327,
      "std_auc": 0.0,
      "min_auc": 0.3181500329863327,
      "max_auc": 0.3181500329863327
    },
    "detectgpt": {
      "mean_auc": 0.36848699691348596,
      "std_auc": 0.0,
      "min_auc": 0.36848699691348596,
      "max_auc": 0.36848699691348596
    },
    "npr": {
      "mean_auc": 0.3371113320186737,
      "std_auc": 0.0,
      "min_auc": 0.3371113320186737,
      "max_auc": 0.3371113320186737
    },
    "detectcodegpt": {
      "mean_auc": 0.3436456818463718,
      "std_auc": 0.0,
      "min_auc": 0.3436456818463718,
      "max_auc": 0.3436456818463718
    }
  }
}