{
  "model_performance": {
    "phi-1": {
      "log_p_auc": 0.537860580163979,
      "log_p_acc": 0.5368632707774799,
      "entropy_auc": 0.4572319163890841,
      "entropy_acc": 0.4644772117962466,
      "rank_auc": 0.5789919304824274,
      "rank_acc": 0.5475871313672922,
      "log_rank_auc": 0.4678918048287677,
      "log_rank_acc": 0.46849865951742625,
      "lrr_auc": 0.5012646258882492,
      "lrr_acc": 0.517426273458445,
      "detectgpt_auc": 0.504245080362616,
      "detectgpt_acc": 0.5227882037533512,
      "npr_auc": 0.513499229719697,
      "npr_acc": 0.5241286863270778,
      "detectcodegpt_auc": 0.5213584257160371,
      "detectcodegpt_acc": 0.5060321715817694
    }
  },
  "summary": {
    "log_p": {
      "mean_auc": 0.537860580163979,
      "std_auc": 0.0,
      "min_auc": 0.537860580163979,
      "max_auc": 0.537860580163979
    },
    "entropy": {
      "mean_auc": 0.4572319163890841,
      "std_auc": 0.0,
      "min_auc": 0.4572319163890841,
      "max_auc": 0.4572319163890841
    },
    "rank": {
      "mean_auc": 0.5789919304824274,
      "std_auc": 0.0,
      "min_auc": 0.5789919304824274,
      "max_auc": 0.5789919304824274
    },
    "log_rank": {
      "mean_auc": 0.4678918048287677,
      "std_auc": 0.0,
      "min_auc": 0.4678918048287677,
      "max_auc": 0.4678918048287677
    },
    "lrr": {
      "mean_auc": 0.5012646258882492,
      "std_auc": 0.0,
      "min_auc": 0.5012646258882492,
      "max_auc": 0.5012646258882492
    },
    "detectgpt": {
      "mean_auc": 0.504245080362616,
      "std_auc": 0.0,
      "min_auc": 0.504245080362616,
      "max_auc": 0.504245080362616
    },
    "npr": {
      "mean_auc": 0.513499229719697,
      "std_auc": 0.0,
      "min_auc": 0.513499229719697,
      "max_auc": 0.513499229719697
    },
    "detectcodegpt": {
      "mean_auc": 0.5213584257160371,
      "std_auc": 0.0,
      "min_auc": 0.5213584257160371,
      "max_auc": 0.5213584257160371
    }
  }
}