{
  "model_performance": {
    "codegen2": {
      "log_p_auc": 0.3066740249258032,
      "log_p_acc": 0.3820375335120643,
      "entropy_auc": 0.6942984876620331,
      "entropy_acc": 0.6152815013404825,
      "rank_auc": 0.8253818594944012,
      "rank_acc": 0.6682305630026809,
      "log_rank_auc": 0.7081078068852453,
      "log_rank_acc": 0.6132707774798928,
      "lrr_auc": 0.2786077790221305,
      "lrr_acc": 0.3344504021447721,
      "detectgpt_auc": 0.33603096221222345,
      "detectgpt_acc": 0.3873994638069705,
      "npr_auc": 0.30724746580476764,
      "npr_acc": 0.3585790884718499,
      "detectcodegpt_auc": 0.3235572748795145,
      "detectcodegpt_acc": 0.3800268096514745
    }
  },
  "summary": {
    "log_p": {
      "mean_auc": 0.3066740249258032,
      "std_auc": 0.0,
      "min_auc": 0.3066740249258032,
      "max_auc": 0.3066740249258032
    },
    "entropy": {
      "mean_auc": 0.6942984876620331,
      "std_auc": 0.0,
      "min_auc": 0.6942984876620331,
      "max_auc": 0.6942984876620331
    },
    "rank": {
      "mean_auc": 0.8253818594944012,
      "std_auc": 0.0,
      "min_auc": 0.8253818594944012,
      "max_auc": 0.8253818594944012
    },
    "log_rank": {
      "mean_auc": 0.7081078068852453,
      "std_auc": 0.0,
      "min_auc": 0.7081078068852453,
      "max_auc": 0.7081078068852453
    },
    "lrr": {
      "mean_auc": 0.2786077790221305,
      "std_auc": 0.0,
      "min_auc": 0.2786077790221305,
      "max_auc": 0.2786077790221305
    },
    "detectgpt": {
      "mean_auc": 0.33603096221222345,
      "std_auc": 0.0,
      "min_auc": 0.33603096221222345,
      "max_auc": 0.33603096221222345
    },
    "npr": {
      "mean_auc": 0.30724746580476764,
      "std_auc": 0.0,
      "min_auc": 0.30724746580476764,
      "max_auc": 0.30724746580476764
    },
    "detectcodegpt": {
      "mean_auc": 0.3235572748795145,
      "std_auc": 0.0,
      "min_auc": 0.3235572748795145,
      "max_auc": 0.3235572748795145
    }
  }
}
