{
  "model_performance": {
    "Granite-Code": {
      "log_p_auc": 0.3521933664215312,
      "log_p_acc": 0.42359249329758714,
      "entropy_auc": 0.6384176626981202,
      "entropy_acc": 0.5663538873994638,
      "rank_auc": 0.7621227019671358,
      "rank_acc": 0.6119302949061662,
      "log_rank_auc": 0.6595828442308073,
      "log_rank_acc": 0.5904825737265416,
      "lrr_auc": 0.3274706942948924,
      "lrr_acc": 0.37332439678284185,
      "detectgpt_auc": 0.3756541090903862,
      "detectgpt_acc": 0.4168900804289544,
      "npr_auc": 0.34358276513551356,
      "npr_acc": 0.3753351206434316,
      "detectcodegpt_auc": 0.3491913405034415,
      "detectcodegpt_acc": 0.3746648793565684
    }
  },
  "summary": {
    "log_p": {
      "mean_auc": 0.3521933664215312,
      "std_auc": 0.0,
      "min_auc": 0.3521933664215312,
      "max_auc": 0.3521933664215312
    },
    "entropy": {
      "mean_auc": 0.6384176626981202,
      "std_auc": 0.0,
      "min_auc": 0.6384176626981202,
      "max_auc": 0.6384176626981202
    },
    "rank": {
      "mean_auc": 0.7621227019671358,
      "std_auc": 0.0,
      "min_auc": 0.7621227019671358,
      "max_auc": 0.7621227019671358
    },
    "log_rank": {
      "mean_auc": 0.6595828442308073,
      "std_auc": 0.0,
      "min_auc": 0.6595828442308073,
      "max_auc": 0.6595828442308073
    },
    "lrr": {
      "mean_auc": 0.3274706942948924,
      "std_auc": 0.0,
      "min_auc": 0.3274706942948924,
      "max_auc": 0.3274706942948924
    },
    "detectgpt": {
      "mean_auc": 0.3756541090903862,
      "std_auc": 0.0,
      "min_auc": 0.3756541090903862,
      "max_auc": 0.3756541090903862
    },
    "npr": {
      "mean_auc": 0.34358276513551356,
      "std_auc": 0.0,
      "min_auc": 0.34358276513551356,
      "max_auc": 0.34358276513551356
    },
    "detectcodegpt": {
      "mean_auc": 0.3491913405034415,
      "std_auc": 0.0,
      "min_auc": 0.3491913405034415,
      "max_auc": 0.3491913405034415
    }
  }
}
