{
  "model_performance": {
    "starcoder2": {
      "log_p_auc": 0.34900259037086706,
      "log_p_acc": 0.4075067024128686,
      "entropy_auc": 0.6551930554332175,
      "entropy_acc": 0.589142091152815,
      "rank_auc": 0.7738836328468373,
      "rank_acc": 0.6233243967828418,
      "log_rank_auc": 0.6634045850103633,
      "log_rank_acc": 0.5857908847184986,
      "lrr_auc": 0.3181500329863327,
      "lrr_acc": 0.3719839142091153,
      "detectgpt_auc": 0.36955118813714405,
      "detectgpt_acc": 0.40884718498659517,
      "npr_auc": 0.3373054750121789,
      "npr_acc": 0.37064343163538876,
      "detectcodegpt_auc": 0.34070477501883006,
      "detectcodegpt_acc": 0.37332439678284185
    }
  },
  "summary": {
    "log_p": {
      "mean_auc": 0.34900259037086706,
      "std_auc": 0.0,
      "min_auc": 0.34900259037086706,
      "max_auc": 0.34900259037086706
    },
    "entropy": {
      "mean_auc": 0.6551930554332175,
      "std_auc": 0.0,
      "min_auc": 0.6551930554332175,
      "max_auc": 0.6551930554332175
    },
    "rank": {
      "mean_auc": 0.7738836328468373,
      "std_auc": 0.0,
      "min_auc": 0.7738836328468373,
      "max_auc": 0.7738836328468373
    },
    "log_rank": {
      "mean_auc": 0.6634045850103633,
      "std_auc": 0.0,
      "min_auc": 0.6634045850103633,
      "max_auc": 0.6634045850103633
    },
    "lrr": {
      "mean_auc": 0.3181500329863327,
      "std_auc": 0.0,
      "min_auc": 0.3181500329863327,
      "max_auc": 0.3181500329863327
    },
    "detectgpt": {
      "mean_auc": 0.36955118813714405,
      "std_auc": 0.0,
      "min_auc": 0.36955118813714405,
      "max_auc": 0.36955118813714405
    },
    "npr": {
      "mean_auc": 0.3373054750121789,
      "std_auc": 0.0,
      "min_auc": 0.3373054750121789,
      "max_auc": 0.3373054750121789
    },
    "detectcodegpt": {
      "mean_auc": 0.34070477501883006,
      "std_auc": 0.0,
      "min_auc": 0.34070477501883006,
      "max_auc": 0.34070477501883006
    }
  }
}
