{
  "model_performance": {
    "Granite-Code": {
      "log_p_auc": 0.413498070988597,
      "log_p_acc": 0.4493942946463462,
      "entropy_auc": 0.5992707872663258,
      "entropy_acc": 0.5560765924189136,
      "rank_auc": 0.7242628464340777,
      "rank_acc": 0.5978898007033998,
      "log_rank_auc": 0.6002218546363465,
      "log_rank_acc": 0.5564673700664322,
      "lrr_auc": 0.36781507389860657,
      "lrr_acc": 0.4013286440015631,
      "detectgpt_auc": 0.4568244734006553,
      "detectgpt_acc": 0.47870261821023835,
      "npr_auc": 0.43598467541542774,
      "npr_acc": 0.4536928487690504,
      "detectcodegpt_auc": 0.43468176809349174,
      "detectcodegpt_acc": 0.4435326299335678
    }
  },
  "summary": {
    "log_p": {
      "mean_auc": 0.413498070988597,
      "std_auc": 0.0,
      "min_auc": 0.413498070988597,
      "max_auc": 0.413498070988597
    },
    "entropy": {
      "mean_auc": 0.5992707872663258,
      "std_auc": 0.0,
      "min_auc": 0.5992707872663258,
      "max_auc": 0.5992707872663258
    },
    "rank": {
      "mean_auc": 0.7242628464340777,
      "std_auc": 0.0,
      "min_auc": 0.7242628464340777,
      "max_auc": 0.7242628464340777
    },
    "log_rank": {
      "mean_auc": 0.6002218546363465,
      "std_auc": 0.0,
      "min_auc": 0.6002218546363465,
      "max_auc": 0.6002218546363465
    },
    "lrr": {
      "mean_auc": 0.36781507389860657,
      "std_auc": 0.0,
      "min_auc": 0.36781507389860657,
      "max_auc": 0.36781507389860657
    },
    "detectgpt": {
      "mean_auc": 0.4568244734006553,
      "std_auc": 0.0,
      "min_auc": 0.4568244734006553,
      "max_auc": 0.4568244734006553
    },
    "npr": {
      "mean_auc": 0.43598467541542774,
      "std_auc": 0.0,
      "min_auc": 0.43598467541542774,
      "max_auc": 0.43598467541542774
    },
    "detectcodegpt": {
      "mean_auc": 0.43468176809349174,
      "std_auc": 0.0,
      "min_auc": 0.43468176809349174,
      "max_auc": 0.43468176809349174
    }
  }
}