{
  "model_performance": {
    "codegen2": {
      "log_p_auc": 0.357601941961068,
      "log_p_acc": 0.406799531066823,
      "entropy_auc": 0.6632977176826452,
      "entropy_acc": 0.6123485736615866,
      "rank_auc": 0.8103848371640722,
      "rank_acc": 0.6463462289957015,
      "log_rank_auc": 0.6582174175436196,
      "log_rank_acc": 0.5955451348182884,
      "lrr_auc": 0.3095428035291502,
      "lrr_acc": 0.35326299335678,
      "detectgpt_auc": 0.4260690192705674,
      "detectgpt_acc": 0.4568190699491989,
      "npr_auc": 0.3788345057259509,
      "npr_acc": 0.42555685814771393,
      "detectcodegpt_auc": 0.3965798224674243,
      "detectcodegpt_acc": 0.4310277452129738
    }
  },
  "summary": {
    "log_p": {
      "mean_auc": 0.357601941961068,
      "std_auc": 0.0,
      "min_auc": 0.357601941961068,
      "max_auc": 0.357601941961068
    },
    "entropy": {
      "mean_auc": 0.6632977176826452,
      "std_auc": 0.0,
      "min_auc": 0.6632977176826452,
      "max_auc": 0.6632977176826452
    },
    "rank": {
      "mean_auc": 0.8103848371640722,
      "std_auc": 0.0,
      "min_auc": 0.8103848371640722,
      "max_auc": 0.8103848371640722
    },
    "log_rank": {
      "mean_auc": 0.6582174175436196,
      "std_auc": 0.0,
      "min_auc": 0.6582174175436196,
      "max_auc": 0.6582174175436196
    },
    "lrr": {
      "mean_auc": 0.3095428035291502,
      "std_auc": 0.0,
      "min_auc": 0.3095428035291502,
      "max_auc": 0.3095428035291502
    },
    "detectgpt": {
      "mean_auc": 0.4260690192705674,
      "std_auc": 0.0,
      "min_auc": 0.4260690192705674,
      "max_auc": 0.4260690192705674
    },
    "npr": {
      "mean_auc": 0.3788345057259509,
      "std_auc": 0.0,
      "min_auc": 0.3788345057259509,
      "max_auc": 0.3788345057259509
    },
    "detectcodegpt": {
      "mean_auc": 0.3965798224674243,
      "std_auc": 0.0,
      "min_auc": 0.3965798224674243,
      "max_auc": 0.3965798224674243
    }
  }
}