{
  "model_performance": {
    "incoder": {
      "log_p_auc": 0.416257204778182,
      "log_p_acc": 0.4349355216881594,
      "entropy_auc": 0.6259525944531454,
      "entropy_acc": 0.593200468933177,
      "rank_auc": 0.54676356110898,
      "rank_acc": 0.5119187182493161,
      "log_rank_auc": 0.594170329630055,
      "log_rank_acc": 0.5677999218444705,
      "lrr_auc": 0.38760179536108796,
      "lrr_acc": 0.41070730754200857,
      "detectgpt_auc": 0.4457274657505797,
      "detectgpt_acc": 0.47245017584994137,
      "npr_auc": 0.42225253312548716,
      "npr_acc": 0.4458772958186792,
      "detectcodegpt_auc": 0.44517343999296316,
      "detectcodegpt_acc": 0.4579914028917546
    }
  },
  "summary": {
    "log_p": {
      "mean_auc": 0.416257204778182,
      "std_auc": 0.0,
      "min_auc": 0.416257204778182,
      "max_auc": 0.416257204778182
    },
    "entropy": {
      "mean_auc": 0.6259525944531454,
      "std_auc": 0.0,
      "min_auc": 0.6259525944531454,
      "max_auc": 0.6259525944531454
    },
    "rank": {
      "mean_auc": 0.54676356110898,
      "std_auc": 0.0,
      "min_auc": 0.54676356110898,
      "max_auc": 0.54676356110898
    },
    "log_rank": {
      "mean_auc": 0.594170329630055,
      "std_auc": 0.0,
      "min_auc": 0.594170329630055,
      "max_auc": 0.594170329630055
    },
    "lrr": {
      "mean_auc": 0.38760179536108796,
      "std_auc": 0.0,
      "min_auc": 0.38760179536108796,
      "max_auc": 0.38760179536108796
    },
    "detectgpt": {
      "mean_auc": 0.4457274657505797,
      "std_auc": 0.0,
      "min_auc": 0.4457274657505797,
      "max_auc": 0.4457274657505797
    },
    "npr": {
      "mean_auc": 0.42225253312548716,
      "std_auc": 0.0,
      "min_auc": 0.42225253312548716,
      "max_auc": 0.42225253312548716
    },
    "detectcodegpt": {
      "mean_auc": 0.44517343999296316,
      "std_auc": 0.0,
      "min_auc": 0.44517343999296316,
      "max_auc": 0.44517343999296316
    }
  }
}