{
  "model_performance": {
    "phi-1": {
      "log_p_auc": 0.421755314860107,
      "log_p_acc": 0.46385306760453304,
      "entropy_auc": 0.531680255670365,
      "entropy_acc": 0.5107463853067604,
      "rank_auc": 0.753116471240749,
      "rank_acc": 0.6322782336850332,
      "log_rank_auc": 0.5927073839966576,
      "log_rank_acc": 0.5466979288784681,
      "lrr_auc": 0.37729887093582093,
      "lrr_acc": 0.416568972254787,
      "detectgpt_auc": 0.4724282087681448,
      "detectgpt_acc": 0.4837827276279797,
      "npr_auc": 0.442717890328555,
      "npr_acc": 0.46463462289957014,
      "detectcodegpt_auc": 0.4518333549161081,
      "detectcodegpt_acc": 0.4622899570144588
    }
  },
  "summary": {
    "log_p": {
      "mean_auc": 0.421755314860107,
      "std_auc": 0.0,
      "min_auc": 0.421755314860107,
      "max_auc": 0.421755314860107
    },
    "entropy": {
      "mean_auc": 0.531680255670365,
      "std_auc": 0.0,
      "min_auc": 0.531680255670365,
      "max_auc": 0.531680255670365
    },
    "rank": {
      "mean_auc": 0.753116471240749,
      "std_auc": 0.0,
      "min_auc": 0.753116471240749,
      "max_auc": 0.753116471240749
    },
    "log_rank": {
      "mean_auc": 0.5927073839966576,
      "std_auc": 0.0,
      "min_auc": 0.5927073839966576,
      "max_auc": 0.5927073839966576
    },
    "lrr": {
      "mean_auc": 0.37729887093582093,
      "std_auc": 0.0,
      "min_auc": 0.37729887093582093,
      "max_auc": 0.37729887093582093
    },
    "detectgpt": {
      "mean_auc": 0.4724282087681448,
      "std_auc": 0.0,
      "min_auc": 0.4724282087681448,
      "max_auc": 0.4724282087681448
    },
    "npr": {
      "mean_auc": 0.442717890328555,
      "std_auc": 0.0,
      "min_auc": 0.442717890328555,
      "max_auc": 0.442717890328555
    },
    "detectcodegpt": {
      "mean_auc": 0.4518333549161081,
      "std_auc": 0.0,
      "min_auc": 0.4518333549161081,
      "max_auc": 0.4518333549161081
    }
  }
}
