{
  "model_performance": {
    "incoder": {
      "log_p_auc": 0.3477470383706836,
      "log_p_acc": 0.3911671924290221,
      "entropy_auc": 0.677923364800184,
      "entropy_acc": 0.6309148264984227,
      "rank_auc": 0.6465287669536136,
      "rank_acc": 0.5825446898002103,
      "log_rank_auc": 0.6601314706845146,
      "log_rank_acc": 0.6109358569926393,
      "lrr_auc": 0.35290058303621197,
      "lrr_acc": 0.3753943217665615,
      "detectgpt_auc": 0.4124339771209159,
      "detectgpt_acc": 0.4395373291272345,
      "npr_auc": 0.3495651558449602,
      "npr_acc": 0.3922187171398528,
      "detectcodegpt_auc": 0.37905758699094916,
      "detectcodegpt_acc": 0.3964248159831756
    }
  },
  "summary": {
    "log_p": {
      "mean_auc": 0.3477470383706836,
      "std_auc": 0.0,
      "min_auc": 0.3477470383706836,
      "max_auc": 0.3477470383706836
    },
    "entropy": {
      "mean_auc": 0.677923364800184,
      "std_auc": 0.0,
      "min_auc": 0.677923364800184,
      "max_auc": 0.677923364800184
    },
    "rank": {
      "mean_auc": 0.6465287669536136,
      "std_auc": 0.0,
      "min_auc": 0.6465287669536136,
      "max_auc": 0.6465287669536136
    },
    "log_rank": {
      "mean_auc": 0.6601314706845146,
      "std_auc": 0.0,
      "min_auc": 0.6601314706845146,
      "max_auc": 0.6601314706845146
    },
    "lrr": {
      "mean_auc": 0.35290058303621197,
      "std_auc": 0.0,
      "min_auc": 0.35290058303621197,
      "max_auc": 0.35290058303621197
    },
    "detectgpt": {
      "mean_auc": 0.4124339771209159,
      "std_auc": 0.0,
      "min_auc": 0.4124339771209159,
      "max_auc": 0.4124339771209159
    },
    "npr": {
      "mean_auc": 0.3495651558449602,
      "std_auc": 0.0,
      "min_auc": 0.3495651558449602,
      "max_auc": 0.3495651558449602
    },
    "detectcodegpt": {
      "mean_auc": 0.37905758699094916,
      "std_auc": 0.0,
      "min_auc": 0.37905758699094916,
      "max_auc": 0.37905758699094916
    }
  }
}
