{
  "model_performance": {
    "codellama": {
      "log_p_auc": 0.25516902741774233,
      "log_p_acc": 0.3196635120925342,
      "entropy_auc": 0.7473436020844209,
      "entropy_acc": 0.6824395373291272,
      "rank_auc": 0.8258853922444683,
      "rank_acc": 0.6908517350157729,
      "log_rank_auc": 0.7557441010714064,
      "log_rank_acc": 0.6792849631966351,
      "lrr_auc": 0.2447424997124632,
      "lrr_acc": 0.31650893796004204,
      "detectgpt_auc": 0.3643932088225146,
      "detectgpt_acc": 0.38696109358569925,
      "npr_auc": 0.260733970927815,
      "npr_acc": 0.3228180862250263,
      "detectcodegpt_auc": 0.31713100177830467,
      "detectcodegpt_acc": 0.38275499474237645
    }
  },
  "summary": {
    "log_p": {
      "mean_auc": 0.25516902741774233,
      "std_auc": 0.0,
      "min_auc": 0.25516902741774233,
      "max_auc": 0.25516902741774233
    },
    "entropy": {
      "mean_auc": 0.7473436020844209,
      "std_auc": 0.0,
      "min_auc": 0.7473436020844209,
      "max_auc": 0.7473436020844209
    },
    "rank": {
      "mean_auc": 0.8258853922444683,
      "std_auc": 0.0,
      "min_auc": 0.8258853922444683,
      "max_auc": 0.8258853922444683
    },
    "log_rank": {
      "mean_auc": 0.7557441010714064,
      "std_auc": 0.0,
      "min_auc": 0.7557441010714064,
      "max_auc": 0.7557441010714064
    },
    "lrr": {
      "mean_auc": 0.2447424997124632,
      "std_auc": 0.0,
      "min_auc": 0.2447424997124632,
      "max_auc": 0.2447424997124632
    },
    "detectgpt": {
      "mean_auc": 0.3643932088225146,
      "std_auc": 0.0,
      "min_auc": 0.3643932088225146,
      "max_auc": 0.3643932088225146
    },
    "npr": {
      "mean_auc": 0.260733970927815,
      "std_auc": 0.0,
      "min_auc": 0.260733970927815,
      "max_auc": 0.260733970927815
    },
    "detectcodegpt": {
      "mean_auc": 0.31713100177830467,
      "std_auc": 0.0,
      "min_auc": 0.31713100177830467,
      "max_auc": 0.31713100177830467
    }
  }
}
