{
  "model_performance": {
    "codegen2": {
      "log_p_auc": 0.24890514823629334,
      "log_p_acc": 0.31545741324921134,
      "entropy_auc": 0.7483521928000779,
      "entropy_acc": 0.6855941114616193,
      "rank_auc": 0.8404104256429765,
      "rank_acc": 0.7181913774973712,
      "log_rank_auc": 0.7632067876385706,
      "log_rank_acc": 0.6824395373291272,
      "lrr_auc": 0.24414973148484018,
      "lrr_acc": 0.3228180862250263,
      "detectgpt_auc": 0.3515602190588256,
      "detectgpt_acc": 0.3774973711882229,
      "npr_auc": 0.28917357492324974,
      "npr_acc": 0.35856992639327023,
      "detectcodegpt_auc": 0.34612798485344465,
      "detectcodegpt_acc": 0.39852786540483703
    }
  },
  "summary": {
    "log_p": {
      "mean_auc": 0.24890514823629334,
      "std_auc": 0.0,
      "min_auc": 0.24890514823629334,
      "max_auc": 0.24890514823629334
    },
    "entropy": {
      "mean_auc": 0.7483521928000779,
      "std_auc": 0.0,
      "min_auc": 0.7483521928000779,
      "max_auc": 0.7483521928000779
    },
    "rank": {
      "mean_auc": 0.8404104256429765,
      "std_auc": 0.0,
      "min_auc": 0.8404104256429765,
      "max_auc": 0.8404104256429765
    },
    "log_rank": {
      "mean_auc": 0.7632067876385706,
      "std_auc": 0.0,
      "min_auc": 0.7632067876385706,
      "max_auc": 0.7632067876385706
    },
    "lrr": {
      "mean_auc": 0.24414973148484018,
      "std_auc": 0.0,
      "min_auc": 0.24414973148484018,
      "max_auc": 0.24414973148484018
    },
    "detectgpt": {
      "mean_auc": 0.3515602190588256,
      "std_auc": 0.0,
      "min_auc": 0.3515602190588256,
      "max_auc": 0.3515602190588256
    },
    "npr": {
      "mean_auc": 0.28917357492324974,
      "std_auc": 0.0,
      "min_auc": 0.28917357492324974,
      "max_auc": 0.28917357492324974
    },
    "detectcodegpt": {
      "mean_auc": 0.34612798485344465,
      "std_auc": 0.0,
      "min_auc": 0.34612798485344465,
      "max_auc": 0.34612798485344465
    }
  }
}
