{
  "model_performance": {
    "Granite-Code": {
      "log_p_auc": 0.3037140910739722,
      "log_p_acc": 0.33859095688748686,
      "entropy_auc": 0.6960779976820108,
      "entropy_acc": 0.6487907465825447,
      "rank_auc": 0.7825646515496022,
      "rank_acc": 0.6540483701366983,
      "log_rank_auc": 0.703699935414805,
      "log_rank_acc": 0.6529968454258676,
      "lrr_auc": 0.3263144856629714,
      "lrr_acc": 0.37013669821240797,
      "detectgpt_auc": 0.40248077926903714,
      "detectgpt_acc": 0.4227129337539432,
      "npr_auc": 0.3015774712684356,
      "npr_acc": 0.3638275499474238,
      "detectcodegpt_auc": 0.35557246370400514,
      "detectcodegpt_acc": 0.38696109358569925
    }
  },
  "summary": {
    "log_p": {
      "mean_auc": 0.3037140910739722,
      "std_auc": 0.0,
      "min_auc": 0.3037140910739722,
      "max_auc": 0.3037140910739722
    },
    "entropy": {
      "mean_auc": 0.6960779976820108,
      "std_auc": 0.0,
      "min_auc": 0.6960779976820108,
      "max_auc": 0.6960779976820108
    },
    "rank": {
      "mean_auc": 0.7825646515496022,
      "std_auc": 0.0,
      "min_auc": 0.7825646515496022,
      "max_auc": 0.7825646515496022
    },
    "log_rank": {
      "mean_auc": 0.703699935414805,
      "std_auc": 0.0,
      "min_auc": 0.703699935414805,
      "max_auc": 0.703699935414805
    },
    "lrr": {
      "mean_auc": 0.3263144856629714,
      "std_auc": 0.0,
      "min_auc": 0.3263144856629714,
      "max_auc": 0.3263144856629714
    },
    "detectgpt": {
      "mean_auc": 0.40248077926903714,
      "std_auc": 0.0,
      "min_auc": 0.40248077926903714,
      "max_auc": 0.40248077926903714
    },
    "npr": {
      "mean_auc": 0.3015774712684356,
      "std_auc": 0.0,
      "min_auc": 0.3015774712684356,
      "max_auc": 0.3015774712684356
    },
    "detectcodegpt": {
      "mean_auc": 0.35557246370400514,
      "std_auc": 0.0,
      "min_auc": 0.35557246370400514,
      "max_auc": 0.35557246370400514
    }
  }
}
