{
  "model_performance": {
    "phi-1": {
      "log_p_auc": 0.5443160604800538,
      "log_p_acc": 0.5331230283911672,
      "entropy_auc": 0.4189588512682586,
      "entropy_acc": 0.42797055730809674,
      "rank_auc": 0.5759583823620487,
      "rank_acc": 0.5457413249211357,
      "log_rank_auc": 0.4564448062001787,
      "log_rank_acc": 0.4605678233438486,
      "lrr_auc": 0.5284794167868423,
      "lrr_acc": 0.5425867507886435,
      "detectgpt_auc": 0.5287492590397155,
      "detectgpt_acc": 0.5162986330178759,
      "npr_auc": 0.5180971255164604,
      "npr_acc": 0.5162986330178759,
      "detectcodegpt_auc": 0.5163232444770811,
      "detectcodegpt_acc": 0.49737118822292326
    }
  },
  "summary": {
    "log_p": {
      "mean_auc": 0.5443160604800538,
      "std_auc": 0.0,
      "min_auc": 0.5443160604800538,
      "max_auc": 0.5443160604800538
    },
    "entropy": {
      "mean_auc": 0.4189588512682586,
      "std_auc": 0.0,
      "min_auc": 0.4189588512682586,
      "max_auc": 0.4189588512682586
    },
    "rank": {
      "mean_auc": 0.5759583823620487,
      "std_auc": 0.0,
      "min_auc": 0.5759583823620487,
      "max_auc": 0.5759583823620487
    },
    "log_rank": {
      "mean_auc": 0.4564448062001787,
      "std_auc": 0.0,
      "min_auc": 0.4564448062001787,
      "max_auc": 0.4564448062001787
    },
    "lrr": {
      "mean_auc": 0.5284794167868423,
      "std_auc": 0.0,
      "min_auc": 0.5284794167868423,
      "max_auc": 0.5284794167868423
    },
    "detectgpt": {
      "mean_auc": 0.5287492590397155,
      "std_auc": 0.0,
      "min_auc": 0.5287492590397155,
      "max_auc": 0.5287492590397155
    },
    "npr": {
      "mean_auc": 0.5180971255164604,
      "std_auc": 0.0,
      "min_auc": 0.5180971255164604,
      "max_auc": 0.5180971255164604
    },
    "detectcodegpt": {
      "mean_auc": 0.5163232444770811,
      "std_auc": 0.0,
      "min_auc": 0.5163232444770811,
      "max_auc": 0.5163232444770811
    }
  }
}
