{
  "model_performance": {
    "starcoder2": {
      "log_p_auc": 0.2950304789036442,
      "log_p_acc": 0.3480546792849632,
      "entropy_auc": 0.7045758168257704,
      "entropy_acc": 0.6593059936908517,
      "rank_auc": 0.7388413592971714,
      "rank_acc": 0.6309148264984227,
      "log_rank_auc": 0.7087296180626211,
      "log_rank_acc": 0.6498422712933754,
      "lrr_auc": 0.3242530677967601,
      "lrr_acc": 0.3627760252365931,
      "detectgpt_auc": 0.38383954560334077,
      "detectgpt_acc": 0.40904311251314407,
      "npr_auc": 0.28664767449061745,
      "npr_acc": 0.34279705573080965,
      "detectcodegpt_auc": 0.35947854090543135,
      "detectcodegpt_acc": 0.38801261829652994
    }
  },
  "summary": {
    "log_p": {
      "mean_auc": 0.2950304789036442,
      "std_auc": 0.0,
      "min_auc": 0.2950304789036442,
      "max_auc": 0.2950304789036442
    },
    "entropy": {
      "mean_auc": 0.7045758168257704,
      "std_auc": 0.0,
      "min_auc": 0.7045758168257704,
      "max_auc": 0.7045758168257704
    },
    "rank": {
      "mean_auc": 0.7388413592971714,
      "std_auc": 0.0,
      "min_auc": 0.7388413592971714,
      "max_auc": 0.7388413592971714
    },
    "log_rank": {
      "mean_auc": 0.7087296180626211,
      "std_auc": 0.0,
      "min_auc": 0.7087296180626211,
      "max_auc": 0.7087296180626211
    },
    "lrr": {
      "mean_auc": 0.3242530677967601,
      "std_auc": 0.0,
      "min_auc": 0.3242530677967601,
      "max_auc": 0.3242530677967601
    },
    "detectgpt": {
      "mean_auc": 0.38383954560334077,
      "std_auc": 0.0,
      "min_auc": 0.38383954560334077,
      "max_auc": 0.38383954560334077
    },
    "npr": {
      "mean_auc": 0.28664767449061745,
      "std_auc": 0.0,
      "min_auc": 0.28664767449061745,
      "max_auc": 0.28664767449061745
    },
    "detectcodegpt": {
      "mean_auc": 0.35947854090543135,
      "std_auc": 0.0,
      "min_auc": 0.35947854090543135,
      "max_auc": 0.35947854090543135
    }
  }
}
