{
  "model_performance": {
    "codellama": {
      "log_p_auc": 0.3603946715793949,
      "log_p_acc": 0.4126611957796014,
      "entropy_auc": 0.6793772921517701,
      "entropy_acc": 0.6268073466197733,
      "rank_auc": 0.7870329874388251,
      "rank_acc": 0.6447831184056272,
      "log_rank_auc": 0.6562016678191055,
      "log_rank_acc": 0.5904650254005471,
      "lrr_auc": 0.2998372740222392,
      "lrr_acc": 0.3509183274716686,
      "detectgpt_auc": 0.3985680846956951,
      "detectgpt_acc": 0.435326299335678,
      "npr_auc": 0.3864485421853659,
      "npr_acc": 0.4169597499023056,
      "detectcodegpt_auc": 0.4130149018879634,
      "detectcodegpt_acc": 0.4282923016803439
    }
  },
  "summary": {
    "log_p": {
      "mean_auc": 0.3603946715793949,
      "std_auc": 0.0,
      "min_auc": 0.3603946715793949,
      "max_auc": 0.3603946715793949
    },
    "entropy": {
      "mean_auc": 0.6793772921517701,
      "std_auc": 0.0,
      "min_auc": 0.6793772921517701,
      "max_auc": 0.6793772921517701
    },
    "rank": {
      "mean_auc": 0.7870329874388251,
      "std_auc": 0.0,
      "min_auc": 0.7870329874388251,
      "max_auc": 0.7870329874388251
    },
    "log_rank": {
      "mean_auc": 0.6562016678191055,
      "std_auc": 0.0,
      "min_auc": 0.6562016678191055,
      "max_auc": 0.6562016678191055
    },
    "lrr": {
      "mean_auc": 0.2998372740222392,
      "std_auc": 0.0,
      "min_auc": 0.2998372740222392,
      "max_auc": 0.2998372740222392
    },
    "detectgpt": {
      "mean_auc": 0.3985680846956951,
      "std_auc": 0.0,
      "min_auc": 0.3985680846956951,
      "max_auc": 0.3985680846956951
    },
    "npr": {
      "mean_auc": 0.3864485421853659,
      "std_auc": 0.0,
      "min_auc": 0.3864485421853659,
      "max_auc": 0.3864485421853659
    },
    "detectcodegpt": {
      "mean_auc": 0.4130149018879634,
      "std_auc": 0.0,
      "min_auc": 0.4130149018879634,
      "max_auc": 0.4130149018879634
    }
  }
}
