{
  "model_performance": {
    "starcoder2": {
      "log_p_auc": 0.3903505449854255,
      "log_p_acc": 0.4349355216881594,
      "entropy_auc": 0.6396676334120901,
      "entropy_acc": 0.5947635795232513,
      "rank_auc": 0.7340679417607147,
      "rank_acc": 0.5998436889409926,
      "log_rank_auc": 0.6216321708769367,
      "log_rank_acc": 0.564673700664322,
      "lrr_auc": 0.35016443631086036,
      "lrr_acc": 0.38452520515826494,
      "detectgpt_auc": 0.42777813070365545,
      "detectgpt_acc": 0.4611176240719031,
      "npr_auc": 0.4123228278158802,
      "npr_acc": 0.4349355216881594,
      "detectcodegpt_auc": 0.41657178390185623,
      "detectcodegpt_acc": 0.4282923016803439
    }
  },
  "summary": {
    "log_p": {
      "mean_auc": 0.3903505449854255,
      "std_auc": 0.0,
      "min_auc": 0.3903505449854255,
      "max_auc": 0.3903505449854255
    },
    "entropy": {
      "mean_auc": 0.6396676334120901,
      "std_auc": 0.0,
      "min_auc": 0.6396676334120901,
      "max_auc": 0.6396676334120901
    },
    "rank": {
      "mean_auc": 0.7340679417607147,
      "std_auc": 0.0,
      "min_auc": 0.7340679417607147,
      "max_auc": 0.7340679417607147
    },
    "log_rank": {
      "mean_auc": 0.6216321708769367,
      "std_auc": 0.0,
      "min_auc": 0.6216321708769367,
      "max_auc": 0.6216321708769367
    },
    "lrr": {
      "mean_auc": 0.35016443631086036,
      "std_auc": 0.0,
      "min_auc": 0.35016443631086036,
      "max_auc": 0.35016443631086036
    },
    "detectgpt": {
      "mean_auc": 0.42777813070365545,
      "std_auc": 0.0,
      "min_auc": 0.42777813070365545,
      "max_auc": 0.42777813070365545
    },
    "npr": {
      "mean_auc": 0.4123228278158802,
      "std_auc": 0.0,
      "min_auc": 0.4123228278158802,
      "max_auc": 0.4123228278158802
    },
    "detectcodegpt": {
      "mean_auc": 0.41657178390185623,
      "std_auc": 0.0,
      "min_auc": 0.41657178390185623,
      "max_auc": 0.41657178390185623
    }
  }
}
