{
  "model_performance": {
    "phi-1": {
      "log_p_auc": 0.502363994082389,
      "log_p_acc": 0.5103448275862069,
      "entropy_auc": 0.48397059496393,
      "entropy_acc": 0.4606896551724138,
      "rank_auc": 0.6032074061646865,
      "rank_acc": 0.5420689655172414,
      "log_rank_auc": 0.5074503942532067,
      "log_rank_acc": 0.4827586206896552,
      "lrr_auc": 0.4771760184239023,
      "lrr_acc": 0.48137931034482756,
      "detectgpt_auc": 0.5327527567221316,
      "detectgpt_acc": 0.5241379310344828,
      "npr_auc": 0.5121402534811719,
      "npr_acc": 0.496551724137931,
      "detectcodegpt_auc": 0.5132688700108285,
      "detectcodegpt_acc": 0.4979310344827586
    }
  },
  "summary": {
    "log_p": {
      "mean_auc": 0.502363994082389,
      "std_auc": 0.0,
      "min_auc": 0.502363994082389,
      "max_auc": 0.502363994082389
    },
    "entropy": {
      "mean_auc": 0.48397059496393,
      "std_auc": 0.0,
      "min_auc": 0.48397059496393,
      "max_auc": 0.48397059496393
    },
    "rank": {
      "mean_auc": 0.6032074061646865,
      "std_auc": 0.0,
      "min_auc": 0.6032074061646865,
      "max_auc": 0.6032074061646865
    },
    "log_rank": {
      "mean_auc": 0.5074503942532067,
      "std_auc": 0.0,
      "min_auc": 0.5074503942532067,
      "max_auc": 0.5074503942532067
    },
    "lrr": {
      "mean_auc": 0.4771760184239023,
      "std_auc": 0.0,
      "min_auc": 0.4771760184239023,
      "max_auc": 0.4771760184239023
    },
    "detectgpt": {
      "mean_auc": 0.5327527567221316,
      "std_auc": 0.0,
      "min_auc": 0.5327527567221316,
      "max_auc": 0.5327527567221316
    },
    "npr": {
      "mean_auc": 0.5121402534811719,
      "std_auc": 0.0,
      "min_auc": 0.5121402534811719,
      "max_auc": 0.5121402534811719
    },
    "detectcodegpt": {
      "mean_auc": 0.5132688700108285,
      "std_auc": 0.0,
      "min_auc": 0.5132688700108285,
      "max_auc": 0.5132688700108285
    }
  }
}