{
  "model_performance": {
    "starcoder2": {
      "log_p_auc": 0.39955312886055483,
      "log_p_acc": 0.4193103448275862,
      "entropy_auc": 0.6179556789238488,
      "entropy_acc": 0.6096551724137931,
      "rank_auc": 0.7456189851602179,
      "rank_acc": 0.68,
      "log_rank_auc": 0.6219134625650098,
      "log_rank_acc": 0.5875862068965517,
      "lrr_auc": 0.33202678176521727,
      "lrr_acc": 0.39586206896551723,
      "detectgpt_auc": 0.47838851861454695,
      "detectgpt_acc": 0.5020689655172413,
      "npr_auc": 0.40066649381548647,
      "npr_acc": 0.41793103448275865,
      "detectcodegpt_auc": 0.4080711333445178,
      "detectcodegpt_acc": 0.4124137931034483
    }
  },
  "summary": {
    "log_p": {
      "mean_auc": 0.39955312886055483,
      "std_auc": 0.0,
      "min_auc": 0.39955312886055483,
      "max_auc": 0.39955312886055483
    },
    "entropy": {
      "mean_auc": 0.6179556789238488,
      "std_auc": 0.0,
      "min_auc": 0.6179556789238488,
      "max_auc": 0.6179556789238488
    },
    "rank": {
      "mean_auc": 0.7456189851602179,
      "std_auc": 0.0,
      "min_auc": 0.7456189851602179,
      "max_auc": 0.7456189851602179
    },
    "log_rank": {
      "mean_auc": 0.6219134625650098,
      "std_auc": 0.0,
      "min_auc": 0.6219134625650098,
      "max_auc": 0.6219134625650098
    },
    "lrr": {
      "mean_auc": 0.33202678176521727,
      "std_auc": 0.0,
      "min_auc": 0.33202678176521727,
      "max_auc": 0.33202678176521727
    },
    "detectgpt": {
      "mean_auc": 0.47838851861454695,
      "std_auc": 0.0,
      "min_auc": 0.47838851861454695,
      "max_auc": 0.47838851861454695
    },
    "npr": {
      "mean_auc": 0.40066649381548647,
      "std_auc": 0.0,
      "min_auc": 0.40066649381548647,
      "max_auc": 0.40066649381548647
    },
    "detectcodegpt": {
      "mean_auc": 0.4080711333445178,
      "std_auc": 0.0,
      "min_auc": 0.4080711333445178,
      "max_auc": 0.4080711333445178
    }
  }
}