{
  "model_performance": {
    "incoder": {
      "log_p_auc": 0.44978891820580474,
      "log_p_acc": 0.4711168164313222,
      "entropy_auc": 0.5794393139841689,
      "entropy_acc": 0.5442875481386393,
      "rank_auc": 0.634901055408971,
      "rank_acc": 0.5789473684210527,
      "log_rank_auc": 0.5624406332453826,
      "log_rank_acc": 0.5494223363286265,
      "lrr_auc": 0.3942282321899736,
      "lrr_acc": 0.4274711168164313,
      "detectgpt_auc": 0.4940633245382585,
      "detectgpt_acc": 0.5109114249037228,
      "npr_auc": 0.4486081794195251,
      "npr_acc": 0.4595635430038511,
      "detectcodegpt_auc": 0.45605540897097624,
      "detectcodegpt_acc": 0.4634146341463415
    }
  },
  "summary": {
    "log_p": {
      "mean_auc": 0.44978891820580474,
      "std_auc": 0.0,
      "min_auc": 0.44978891820580474,
      "max_auc": 0.44978891820580474
    },
    "entropy": {
      "mean_auc": 0.5794393139841689,
      "std_auc": 0.0,
      "min_auc": 0.5794393139841689,
      "max_auc": 0.5794393139841689
    },
    "rank": {
      "mean_auc": 0.634901055408971,
      "std_auc": 0.0,
      "min_auc": 0.634901055408971,
      "max_auc": 0.634901055408971
    },
    "log_rank": {
      "mean_auc": 0.5624406332453826,
      "std_auc": 0.0,
      "min_auc": 0.5624406332453826,
      "max_auc": 0.5624406332453826
    },
    "lrr": {
      "mean_auc": 0.3942282321899736,
      "std_auc": 0.0,
      "min_auc": 0.3942282321899736,
      "max_auc": 0.3942282321899736
    },
    "detectgpt": {
      "mean_auc": 0.4940633245382585,
      "std_auc": 0.0,
      "min_auc": 0.4940633245382585,
      "max_auc": 0.4940633245382585
    },
    "npr": {
      "mean_auc": 0.4486081794195251,
      "std_auc": 0.0,
      "min_auc": 0.4486081794195251,
      "max_auc": 0.4486081794195251
    },
    "detectcodegpt": {
      "mean_auc": 0.45605540897097624,
      "std_auc": 0.0,
      "min_auc": 0.45605540897097624,
      "max_auc": 0.45605540897097624
    }
  }
}