{
  "model_performance": {
    "codellama": {
      "log_p_auc": 0.40192474873030637,
      "log_p_acc": 0.41793103448275865,
      "entropy_auc": 0.6194122043100951,
      "entropy_acc": 0.6013793103448276,
      "rank_auc": 0.7875684414415788,
      "rank_acc": 0.6951724137931035,
      "log_rank_auc": 0.6192215596260313,
      "log_rank_acc": 0.5972413793103448,
      "lrr_auc": 0.3197950188356948,
      "lrr_acc": 0.3903448275862069,
      "detectgpt_auc": 0.4643646956548263,
      "detectgpt_acc": 0.47448275862068967,
      "npr_auc": 0.40003355346439523,
      "npr_acc": 0.44,
      "detectcodegpt_auc": 0.4175804901856117,
      "detectcodegpt_acc": 0.44413793103448274
    }
  },
  "summary": {
    "log_p": {
      "mean_auc": 0.40192474873030637,
      "std_auc": 0.0,
      "min_auc": 0.40192474873030637,
      "max_auc": 0.40192474873030637
    },
    "entropy": {
      "mean_auc": 0.6194122043100951,
      "std_auc": 0.0,
      "min_auc": 0.6194122043100951,
      "max_auc": 0.6194122043100951
    },
    "rank": {
      "mean_auc": 0.7875684414415788,
      "std_auc": 0.0,
      "min_auc": 0.7875684414415788,
      "max_auc": 0.7875684414415788
    },
    "log_rank": {
      "mean_auc": 0.6192215596260313,
      "std_auc": 0.0,
      "min_auc": 0.6192215596260313,
      "max_auc": 0.6192215596260313
    },
    "lrr": {
      "mean_auc": 0.3197950188356948,
      "std_auc": 0.0,
      "min_auc": 0.3197950188356948,
      "max_auc": 0.3197950188356948
    },
    "detectgpt": {
      "mean_auc": 0.4643646956548263,
      "std_auc": 0.0,
      "min_auc": 0.4643646956548263,
      "max_auc": 0.4643646956548263
    },
    "npr": {
      "mean_auc": 0.40003355346439523,
      "std_auc": 0.0,
      "min_auc": 0.40003355346439523,
      "max_auc": 0.40003355346439523
    },
    "detectcodegpt": {
      "mean_auc": 0.4175804901856117,
      "std_auc": 0.0,
      "min_auc": 0.4175804901856117,
      "max_auc": 0.4175804901856117
    }
  }
}
