{
  "model_performance": {
    "codegen2": {
      "log_p_auc": 0.4159333201153019,
      "log_p_acc": 0.44689655172413795,
      "entropy_auc": 0.5972669178092638,
      "entropy_acc": 0.5696551724137932,
      "rank_auc": 0.8043299220644532,
      "rank_acc": 0.6937931034482758,
      "log_rank_auc": 0.6050528467064225,
      "log_rank_acc": 0.5655172413793104,
      "lrr_auc": 0.33619808745252944,
      "lrr_acc": 0.38620689655172413,
      "detectgpt_auc": 0.47043482239541234,
      "detectgpt_acc": 0.48551724137931035,
      "npr_auc": 0.4153156313389358,
      "npr_acc": 0.4262068965517241,
      "detectcodegpt_auc": 0.44353104458035286,
      "detectcodegpt_acc": 0.44413793103448274
    }
  },
  "summary": {
    "log_p": {
      "mean_auc": 0.4159333201153019,
      "std_auc": 0.0,
      "min_auc": 0.4159333201153019,
      "max_auc": 0.4159333201153019
    },
    "entropy": {
      "mean_auc": 0.5972669178092638,
      "std_auc": 0.0,
      "min_auc": 0.5972669178092638,
      "max_auc": 0.5972669178092638
    },
    "rank": {
      "mean_auc": 0.8043299220644532,
      "std_auc": 0.0,
      "min_auc": 0.8043299220644532,
      "max_auc": 0.8043299220644532
    },
    "log_rank": {
      "mean_auc": 0.6050528467064225,
      "std_auc": 0.0,
      "min_auc": 0.6050528467064225,
      "max_auc": 0.6050528467064225
    },
    "lrr": {
      "mean_auc": 0.33619808745252944,
      "std_auc": 0.0,
      "min_auc": 0.33619808745252944,
      "max_auc": 0.33619808745252944
    },
    "detectgpt": {
      "mean_auc": 0.47043482239541234,
      "std_auc": 0.0,
      "min_auc": 0.47043482239541234,
      "max_auc": 0.47043482239541234
    },
    "npr": {
      "mean_auc": 0.4153156313389358,
      "std_auc": 0.0,
      "min_auc": 0.4153156313389358,
      "max_auc": 0.4153156313389358
    },
    "detectcodegpt": {
      "mean_auc": 0.44353104458035286,
      "std_auc": 0.0,
      "min_auc": 0.44353104458035286,
      "max_auc": 0.44353104458035286
    }
  }
}
