{
  "model_performance": {
    "Granite-Code": {
      "log_p_auc": 0.42878277182119057,
      "log_p_acc": 0.44551724137931037,
      "entropy_auc": 0.5842268214193116,
      "entropy_acc": 0.5655172413793104,
      "rank_auc": 0.7277708298381809,
      "rank_acc": 0.6579310344827586,
      "log_rank_auc": 0.5902969481598975,
      "log_rank_acc": 0.5668965517241379,
      "lrr_auc": 0.3564826818368997,
      "lrr_acc": 0.40827586206896554,
      "detectgpt_auc": 0.48141595619747735,
      "detectgpt_acc": 0.4924137931034483,
      "npr_auc": 0.4255265606173837,
      "npr_acc": 0.42758620689655175,
      "detectcodegpt_auc": 0.433419250537618,
      "detectcodegpt_acc": 0.4386206896551724
    }
  },
  "summary": {
    "log_p": {
      "mean_auc": 0.42878277182119057,
      "std_auc": 0.0,
      "min_auc": 0.42878277182119057,
      "max_auc": 0.42878277182119057
    },
    "entropy": {
      "mean_auc": 0.5842268214193116,
      "std_auc": 0.0,
      "min_auc": 0.5842268214193116,
      "max_auc": 0.5842268214193116
    },
    "rank": {
      "mean_auc": 0.7277708298381809,
      "std_auc": 0.0,
      "min_auc": 0.7277708298381809,
      "max_auc": 0.7277708298381809
    },
    "log_rank": {
      "mean_auc": 0.5902969481598975,
      "std_auc": 0.0,
      "min_auc": 0.5902969481598975,
      "max_auc": 0.5902969481598975
    },
    "lrr": {
      "mean_auc": 0.3564826818368997,
      "std_auc": 0.0,
      "min_auc": 0.3564826818368997,
      "max_auc": 0.3564826818368997
    },
    "detectgpt": {
      "mean_auc": 0.48141595619747735,
      "std_auc": 0.0,
      "min_auc": 0.48141595619747735,
      "max_auc": 0.48141595619747735
    },
    "npr": {
      "mean_auc": 0.4255265606173837,
      "std_auc": 0.0,
      "min_auc": 0.4255265606173837,
      "max_auc": 0.4255265606173837
    },
    "detectcodegpt": {
      "mean_auc": 0.433419250537618,
      "std_auc": 0.0,
      "min_auc": 0.433419250537618,
      "max_auc": 0.433419250537618
    }
  }
}
